Species ;Treatment;PP;LI;DLI;Rep;"FY
(kg/m2)";mHcm;"DW 
(kg/m2)";DM%;Chll a (mg/g DW) ;"Chll b 
(mg/g DW) ";"Car
(mg/g DW)  ";"T. Chll a+b 
(mg/g DW) ";mg/kg NO3 FW;"Trolox 
(uM g/DW) ";"GA 
g/DW";mg CE  / g DW;Soluble Protein mg/ g FW;N;P;K;Ca;Mg;S;Mn;Fe;Cu;B;Al;Zn;Na
Radish;T1 - 16/150;16;150;8,64;1;5,030208333;11,34666667;0,239774613;4,766693484;1,221404;0,5184897;0,936807588;1,642458;2286,074966;79,37814383;14,9;8,1738;0,204535715;7,047;1,356132075;4,176493711;1,650943396;0,540487421;1,759040881;72,98545597;112,3132862;10,21029874;29,97248428;12,11674528;73,36871069;12228,19379
Radish;T2 -24/300;24;300;12,96;1;5,036111111;9,986666667;0,282814102;5,615724027;1,55228;0,6894328;1,371288452;2,117632;1192,460391;84,64088625;15,6;11,2934;0,231611237;5,854;0,949697349;2,817783344;1,377582968;0,427885619;1,377582968;53,14130662;88,19661866;9,100396577;22,02045502;6,126069714;64,13066166;7892,840743
Radish;T3 - 16/300;16;300;17,28;1;5,317361111;10,86666667;0,27320308;5,137944822;1,453484;0,6458843;1,209253601;1,983182;1823,436133;83,93918726;15,9;6,5944;0,269442923;6,797;1,181761138;3,325664087;1,537335286;0,501987032;1,568709475;65,40472704;106,4212508;10,91821795;26,35431918;10,23844384;73,69797114;9736,530015
Radish;T4 - 24/150;24;150;25,92;1;5,439583333;11,73333333;0,274333522;5,043281897;1,262828;0,7670178;1,450394776;1,927212;2261,752339;82,62350165;16,8;7,1701;0,142184974;6,751;1,082962676;3,577644556;1,469735061;0,483465481;1,556758847;68,56507445;101,0539547;9,166505512;24,20228196;7,783794237;68,69077548;9421,726939
Radish;T1 - 16/150;16;150;8,64;2;5,246527778;11,65333333;0,248604701;4,738461538;1,220748;0,5889655;1,112491555;1,71175;2509,197676;82,7989264;14,1;6,929;0,229639116;6,994;1,268767181;3,637132586;1,501374498;0,518079932;1,649397336;70,59632058;102,4318038;8,574751533;27,68027067;6,555297103;72,67921336;10771,6642
Radish;T2 -24/300;24;300;12,96;2;4,993055556;10,25333333;0,294912098;5,906445355;1,32515;0,6261112;1,34140753;1,845028;1206,700206;88,06166882;14,6;6,7026;0,2320722;5,41;0,965839772;2,592517283;1,128507523;0,396502643;1,413176088;49,25782839;84,72956486;8,458723058;21,03497357;4,48352989;61,05124034;6328,558357
Radish;T3 - 16/300;16;300;17,28;2;5,265277778;10,17333333;0,260792668;4,953065708;1,191066;0,5601124;1,156143685;1,655716;1902,41547;84,29003675;15,5;8,9513;0,274124561;6,808;1,158573443;3,485794882;1,511182752;0,483578481;1,491033649;60,99133589;97,02800725;9,862986097;25,60951038;6,46786218;69,56477937;9874,783397
Radish;T4 - 24/150;24;150;25,92;2;5,450694444;11,53333333;0,260046331;4,770884405;1,107891;0,5833906;1,248689165;1,601974;2018,966718;82,44807691;14,6;6,2155;0,195422147;6,647;1,148392251;3,425204713;1,477930897;0,489314959;1,527860995;69,37287797;97,13401238;8,558018774;26,2732175;4,953065708;69,05332534;9865,068904
Radish;T1 - 16/150;16;150;8,64;3;4,217708333;9,466666667;0,238972437;5,665930831;1,290921;0,5835256;1,123429479;1,771174;1826,487167;82,62350165;16,7;8,3953;0,23816587;6,91;1,133175049;3,399525146;1,219512195;0,453270019;1,651197928;60,96481761;106,5076624;9,216490395;21,33606734;10,36045759;67,14871573;5736,833585
Radish;T2 -24/300;24;300;12,96;3;4,699652778;9,626666667;0,279525318;5,947786606;1,438715;0,657772;1,336260655;1,98133;1615,327788;87,62310695;14,6;7,7901;0,23903456;6,369;0,979192166;3,304773562;1,407588739;0,418196654;1,366789066;62,20930233;88,67809058;7,088943288;19,65524276;5,844553244;61,21991024;7823,204814
Radish;T3 - 16/300;16;300;17,28;3;4,016666667;8,946666667;0,237376879;5,909797823;1,442341;0,62574;1,227775131;1,95291;1062,415329;90,95617714;14,3;6,7715;0,225748566;6,457;1,116965227;2,91886196;1,106427819;0,463645943;1,527924131;47,62908325;96,60695469;8,524762908;20,75869336;6,016859852;58,55637513;6860,969442
Radish;T4 - 24/150;24;150;25,92;3;4,876736111;10,06666667;0,266320393;5,461037597;1,209277;0,6040591;1,290252448;1,716124;1555,555817;87,00912033;15,8;6,5845;0,267672781;6,338;1,09354699;3,248159376;1,494153313;0,476396709;1,461671719;67,49675184;90,21221308;9,170636639;23,4300563;5,381117367;68,34127328;9513,425725
Radish;T1 - 16/150;16;150;8,64;4;4,311458333;9,733333333;0,227443892;5,275335493;1,206474;0,6072605;1,237597913;1,71671;2076,719149;82,09722741;15,23333333;5,2314;0,214706681;6,928;1,168831169;3,456543457;1,268731269;0,46953047;1,578421578;56,42357642;94,05594406;8,441558442;22,76723277;4,835164835;63,07692308;8395,244755
Radish;T2 -24/300;24;300;12,96;4;4,742013889;9,6;0,267940071;5,650343452;1,493342;0,6710838;1,378207366;2,044992;1086,307236;89,09722741;15,6;6,3385;0,24688015;6,016;0,988347898;2,829796088;1,217228464;0,416146484;1,39409072;58,13566375;89,80441115;6,793591344;21,52517686;4,390345402;59,51935081;7182,50104
Radish;T3 - 16/300;16;300;17,28;4;4,397222222;9,306666667;0,25527157;5,805291549;1,26772;0,6160008;1,253793183;1,781952;1202,055385;86,21970897;16;7,2439;0,342480536;6,435;1,125054089;3,028991778;1,146689745;0,454348767;1,590220684;50,49762008;88,85763739;8,167459974;21,75465167;6,317611424;59,99567287;6869,136737
Radish;T4 - 24/150;24;150;25,92;4;4,79375;10,01333333;0,266495698;5,559232296;1,192223;0,6145722;1,321908033;1,710798;1440,753514;80,86925418;16,9;6,4615;0,31187376;6,273;1,120981387;3,140862944;1,374788494;0,475888325;1,554568528;64,20262267;97,15524535;9,337986464;23,13874788;6,49323181;69,86040609;8228,870558
Sunflower;T1 - 16/150;16;150;8,64;1;3,538194444;8,213333333;0,293717175;8,301329394;0,487551;0,2529759;0,594389528;0,701256;1472,616838;43,41607066;8;9,6451;0,475497115;4,808;1,151732883;2,599323753;0,972104818;0,64454776;0,422654269;63,97928994;109,0765004;23,23541843;19,32586644;6,213017751;95,02324598;571,3651733
Sunflower;T2 -24/300;24;300;12,96;1;3,416319444;7,666666667;0,288892303;8,456243854;0,683353;0,3451056;0,765311869;0,973494;1270,09916;59,46743503;9,6;8,7692;0,454735722;4,334;1,084689195;2,596996245;1,095118899;0,594493116;0,448477263;66,94826867;100,7092199;22,06925323;18,88819358;5,193992491;88,81935753;687,6720901
Sunflower;T3 - 16/300;16;300;17,28;1;3,516493056;7,586666667;0,292667787;8,322717622;0,647858;0,421505;0,744620194;1,01648;1331,638696;48,9419502;8,5;8,9808;0,511342625;4,503;1,148677937;2,416558301;1,018638925;0,617685306;0,433463372;78,25097529;95,61118336;22,32336368;19,08322497;6,458604248;94,77676636;519,5600347
Sunflower;T4 - 24/150;24;150;25,92;1;3,632986111;8,76;0,289166767;7,959479016;0,560953;0,2836918;0,681963454;0,799522;1388,264056;49,29279969;8,3;7,8688;0,335137914;4,699;1,139000211;2,647120861;1,02299093;0,643324193;0,432398228;65,17612318;99,25121282;22,60071715;19,52119806;4,788019405;89,87555368;728,3273571
Sunflower;T1 - 16/150;16;150;8,64;2;3,875;8,36;0,298673674;7,707707708;0,492662;0,2401658;0,600289251;0,693272;1842,735352;44,55317387;8,1;7,918;0,426933299;4,914;1,183491807;2,80194214;1,072223346;0,667610763;0,455189156;63,89844224;105,0778879;23,2348776;19,51244184;4,157394295;96,51021647;680,22456
Sunflower;T2 -24/300;24;300;12,96;2;3,552777778;7,706666667;0,286449035;8,062678063;0,836494;0,4152372;0,891045124;1,184508;1338,722607;58,67565543;9,1;11,2196;0,400869372;4,511;1,070304302;2,675760756;1,196222455;0,598111228;0,461699895;71,65792235;100,6715635;20,80797482;18,60440714;4,113326338;87,38719832;858,4155299
Sunflower;T3 - 16/300;16;300;17,28;2;4,101388889;8,306666667;0,332891086;8,116545265;0,663329;0,3171749;0,714048488;0,927296;1703,236801;43,85226429;8,7;11,4607;0,419207698;4,563;1,117647059;2,470588235;1,107843137;0,656862745;0,450980392;80,54901961;99,80392157;21,56862745;19,23529412;5,784313725;91,64705882;641,254902
Sunflower;T4 - 24/150;24;150;25,92;2;3,831597222;8,373333333;0,302301828;7,88970789;0,61935;0,3176001;0,742817187;0,887094;1918,467535;49,37814383;8,4;9,3252;0,437508345;4,78;1,144214162;2,838946459;1,079447323;0,615284974;0,442573402;63,61183074;97,93825561;21,99913644;19,62435233;4,84671848;94,25734024;829,1990501
Sunflower;T1 - 16/150;16;150;8,64;3;3,091666667;7,96;0,293693063;9,499506092;0,401734;0,2025724;0,499361832;0,571996;1299,206871;42,62350165;8,3;12,4792;0,688076684;4,474;1,175406872;2,129797067;0,743419731;0,572634117;0,341571228;55,54550934;89,56198513;22,55374724;17,92244324;4,339963834;93,65079365;426,9338959
Sunflower;T2 -24/300;24;300;12,96;3;3,193055556;7,4;0,304580789;9,538850284;0,553344;0,2754487;0,658241179;0,784318;1008,005631;55,51800998;13,6;10,9588;0,666776921;4,272;1,09421365;2,067878338;0,834569733;0,584198813;0,352373887;59,49554896;86,2481454;20,54896142;17,27559347;3,505192878;85,19102374;521,5040801
Sunflower;T3 - 16/300;16;300;17,28;3;3,080902778;7,466666667;0,27946242;9,07079646;0,452027;0,2218303;0,558044642;0,637552;1271,789766;44,72859862;8,9;11,4558;0,696224109;4,473;1,116115136;2,212649305;0,822400627;0,597219503;0,352457411;56,18758567;89,46543959;21,64675935;17,41727041;3,309183474;87,6639906;413,2661053
Sunflower;T4 - 24/150;24;150;25,92;3;4,204340278;8,88;0,317553254;7,552986513;0,505572;0,2662607;0,580951495;0,731078;1615,921114;48,58873247;9,4;11,5197;0,310965942;4,512;1,118855466;2,613719736;1,118855466;0,623624358;0,431034483;74,7432135;94,9834923;21,01980924;18,62619222;4,48459281;88,29787234;881,6947909
Sunflower;T1 - 16/150;16;150;8,64;4;3,159027778;7,226666667;0,292427619;9,256886611;0,345858;0,178734;0,434748386;0,49674;1328,362992;32,45202396;9,2;12,9516;0,576135339;4,53;1,144898333;2,115772119;0,732734933;0,586187947;0,338889907;53,37058069;88,83495146;22,26598278;17,27422605;3,691152226;89,91573548;422,4400073
Sunflower;T2 -24/300;24;300;12,96;4;3,179513889;7,466666667;0,313810829;9,869773818;0,507362;0,261228;0,645452569;0,72774;1070,309787;59,51761528;9,9;10,1076;0,469956912;4,251;1,082677165;2,037401575;0,777559055;0,551181102;0,334645669;54,18307087;85,76771654;20,83661417;16,69291339;3,346456693;83,91732283;437,5787402
Sunflower;T3 - 16/300;16;300;17,28;4;2,89375;7,64;0,275445621;9,51863916;0,418506;0,2053306;0,516095492;0,590224;1272,841119;49,29043146;9,6;15,9088;0,41475394;4,368;1,1205396;2,175805048;0,805047868;0,565709312;0,348128808;52,48041775;85,96605744;21,43167972;16,8516101;4,014360313;85,63968668;395,278503
Sunflower;T4 - 24/150;24;150;25,92;4;3,785416667;7,786666667;0,293435595;7,751738347;0,653625;0,3382191;0,751691846;0,939204;1520,265354;39,90757572;9,9;10,5504;0,251049258;4,451;1,095890411;2,434141201;1,032665964;0,600632244;0,400421496;67,59747102;95,99578504;21,30663857;18,32455216;6,45943098;95,16332982;914,3519494
Peas;T1 - 16/150;16;150;8,64;1;3,790277778;14,18666667;0,31152968;8,219178082;1,409033;0,6289189;1,312663876;1,925296;777,2094081;47,71397697;9,6;11,2491;0,410321071;8,396;1,057280514;2,944325482;0,642398287;0,22751606;0,68254818;36,76391863;107,5883298;18,54925054;18,09421842;5,165952891;85,53265525;734,5556745
Peas;T2 -24/300;24;300;12,96;1;3,683333333;12,08;0,34973064;9,494949495;1,585283;0,7105085;1,567724928;2,16902;781,6332837;78,1501706;16,2;17,9015;1,236819506;7,843;1,001560874;2,770551509;0,819458897;0,234131113;0,676378772;38,16337149;102,7835588;18,44432882;18,40530697;5,840270552;82,97346514;710,3147763
Peas;T3 - 16/300;16;300;17,28;1;3,867708333;13,05333333;0,339346617;8,773841962;1,558617;0,6981326;1,521000493;2,132114;701,8520879;68,32638476;12,8;11,2098;1,078735474;8,332;1,042149143;2,825382121;0,694766095;0,231588698;0,68318666;41,38490042;107,3182029;19,22186197;18,79342288;5,627605373;83,97406207;716,2691061
Peas;T4 - 24/150;24;150;25,92;1;3,915972222;13,21333333;0,338525206;8,644729504;1,364277;0,6362081;1,412683217;1,891184;726,4887556;57,80089993;12,6;9,522;0,851004761;8,291;1,046167842;2,876961565;0,739140323;0,227427792;0,693654765;42,34705481;105,7652945;18,31930862;18,31930862;5,105753923;84,40982488;661,5988174
Peas;T1 - 16/150;16;150;8,64;2;3,877430556;14,2;0,326486884;8,420186506;1,417724;0,6060434;1,200840856;1,910636;533,8776298;60,43227114;10,9;11,4263;0,723151917;8,301;0,943396226;2,623101703;0,517717441;0,207086977;0,575241601;31,94891855;99,95398067;17,3147722;16,52093879;4,64795214;78,06028532;574,4247584
Peas;T2 -24/300;24;300;12,96;2;3,650694444;11,46666667;0,348147123;9,536462947;1,590043;0,7439196;1,69418427;2,206554;501,9634137;78,23788297;14,5;9,217;1,16456504;7,663;0,940361297;2,684978966;0,791883197;0,235090324;0,643405098;38,25785697;107,1269488;18,21331354;17,90398416;5,59267508;81,51447661;658,4756248
Peas;T3 - 16/300;16;300;17,28;2;3,546527778;11,90666667;0,321631902;9,068923821;1,742896;0,7087942;1,341551646;2,312908;743,6430656;63,41449184;12,9;8,971;1,058170125;8,229;1,034390113;2,861364858;0,698549167;0,241805481;0,711982805;41,32186996;106,972058;18,64588931;18,01450833;5,131649651;83,91993552;657,3481999
Peas;T4 - 24/150;24;150;25,92;2;3,999305556;13,22666667;0,351142528;8,780087527;0,905689;0,6340393;1,543574167;1,465432;836,3396447;61,30939487;12,2;14,3244;0,777195048;8,266;1,008939974;2,809706258;0,702426564;0,229885057;0,67688378;39,87228608;104,9680715;18,3908046;18,12260536;5,555555556;83,25670498;620,9578544
Peas;T1 - 16/150;16;150;8,64;3;3,627777778;13,16;0,307005172;8,462623413;1,178634;0,6699364;1,256415949;1,753156;524,6835651;48,85423782;10,4;10,1863;0,526855003;8,432;1,067961165;2,857142857;0,513176144;0,208044383;0,638002774;32,56588072;104,1331484;18,61303745;18,52981969;5,214979196;81,13730929;556,7683773
Peas;T2 -24/300;24;300;12,96;3;3,448958333;10,81333333;0,326366631;9,462759463;1,355816;0,5492506;1,448858271;1,797124;535,2467473;82,09722741;17;11,2393;1,300922416;7,798;0,9792214;2,663004538;0,597086219;0,214951039;0,644853117;30,58275615;101,3255314;18,48578935;16,93336518;6,627657034;79,94984476;591,9154526
Peas;T3 - 16/300;16;300;17,28;3;3,076388889;11,17333333;0,285679911;9,286209286;1,160515;0,5820565;1,304973764;1,64926;550,21891;69,81749511;13,1;7,4751;1,186922688;8,326;1,049042748;2,897980593;0,563860477;0,222921584;0,642538683;31,89089955;104,8518227;19,72200367;17,938631;5,782848151;80,61893522;638,7096774
Peas;T4 - 24/150;24;150;25,92;3;3,266319444;11,69333333;0,300859401;9,210960713;1,142235;0,5710597;1,330808298;1,621468;477,2199972;67,44926102;13,6;10,5061;1,124223815;8,087;1,011378003;2,806573957;0,543615676;0,202275601;0,619469027;31,517067;101,5676359;18,14159292;17,61061947;4,854614412;79,35524652;538,8242731
Peas;T1 - 16/150;16;150;8,64;4;3,798263889;12,84;0,317911769;8,369923161;1,146851;0,5518423;1,212407845;1,606672;616,7173075;48,9419502;10,1;8,0016;0,570861676;8,362;1,279128673;3,495440729;0,645896657;0,253292806;0,7852077;40,21023303;127,710233;22,30243161;23,08763931;5,445795339;98,39159068;679,6099291
Peas;T2 -24/300;24;300;12,96;4;3,574305556;11,26666667;0,336491021;9,414164966;1,193282;0,5944369;1,436765963;1,691806;558,0935079;83,85147488;16,2;11,8199;1,024522363;7,802;0,997697621;2,686108979;0,703504733;0,217446917;0,665131747;34,01125608;97,86390381;18,27833205;17,48529036;5,346635968;78,61345613;655,257099
Peas;T3 - 16/300;16;300;17,28;4;3,184027778;11,12;0,292073522;9,173083361;1,273867;0,5940387;1,350718252;1,765848;642,1223194;65,8704383;13,4;7,3423;1,15095512;8,268;1,053544869;2,962320278;0,60733763;0,223103619;0,644521567;34,3951413;99,83886961;19,1993059;18,70352008;5,267724343;80,57759048;650,557759
Peas;T4 - 24/150;24;150;25,92;4;3,299652778;11,33533333;0,300704779;9,113224916;1,096794;0,5412797;1,275137871;1,549958;518,3307605;64,2039032;14,5;8,3165;1,011622932;8,148;1,03626943;2,772020725;0,569948187;0,207253886;0,621761658;32,31865285;99,08031088;18,01813472;18,66580311;4,81865285;78,43264249;542,111399
